date,brent_close,crude_oil_close,spread_abs,spread_pct_vs_crude
2021-03-19,64.5300,61.4200,3.1100,0.050635
2021-03-22,64.6200,61.5500,3.0700,0.049878
2021-03-23,60.7900,57.7600,3.0300,0.052458
2021-03-24,64.4100,61.1800,3.2300,0.052795
2021-03-25,61.9500,58.5600,3.3900,0.057889
2021-03-26,64.5700,60.9700,3.6000,0.059045
2021-03-29,64.9800,61.5600,3.4200,0.055556
2021-03-30,64.1400,60.5500,3.5900,0.059290
2021-03-31,63.5400,59.1600,4.3800,0.074037
2021-04-01,64.8600,61.4500,3.4100,0.055492
2021-04-05,62.1500,58.6500,3.5000,0.059676
2021-04-06,62.7400,59.3300,3.4100,0.057475
2021-04-07,63.1600,59.7700,3.3900,0.056717
2021-04-08,63.2000,59.6000,3.6000,0.060403
2021-04-09,62.9500,59.3200,3.6300,0.061194
2021-04-12,63.2800,59.7000,3.5800,0.059966
2021-04-13,63.6700,60.1800,3.4900,0.057993
2021-04-14,66.5800,63.1500,3.4300,0.054315
2021-04-15,66.9400,63.4600,3.4800,0.054838
2021-04-16,66.7700,63.1300,3.6400,0.057659
2021-04-19,67.0500,63.3800,3.6700,0.057905
2021-04-20,66.5700,62.4400,4.1300,0.066144
2021-04-21,65.3200,61.3500,3.9700,0.064711
2021-04-22,65.4000,61.4300,3.9700,0.064626
2021-04-23,66.1100,62.1400,3.9700,0.063888
2021-04-26,65.6500,61.9100,3.7400,0.060410
2021-04-27,66.4200,62.9400,3.4800,0.055291
2021-04-28,67.2700,63.8600,3.4100,0.053398
2021-04-29,68.5600,65.0100,3.5500,0.054607
2021-04-30,67.2500,63.5800,3.6700,0.057723
2021-05-03,67.5600,64.4900,3.0700,0.047604
2021-05-04,68.8800,65.6900,3.1900,0.048561
2021-05-05,68.9600,65.6300,3.3300,0.050739
2021-05-06,68.0900,64.7100,3.3800,0.052233
2021-05-07,68.2800,64.9000,3.3800,0.052080
2021-05-10,68.3200,64.9200,3.4000,0.052372
2021-05-11,68.5500,65.2800,3.2700,0.050092
2021-05-12,69.3200,66.0800,3.2400,0.049031
2021-05-13,67.0500,63.8200,3.2300,0.050611
2021-05-14,68.7100,65.3700,3.3400,0.051094
2021-05-17,69.4600,66.2700,3.1900,0.048136
2021-05-18,68.7100,65.4900,3.2200,0.049168
2021-05-19,66.6600,63.3600,3.3000,0.052083
2021-05-20,65.1100,62.0500,3.0600,0.049315
2021-05-21,66.4400,63.5800,2.8600,0.044983
2021-05-24,68.4600,66.0500,2.4100,0.036487
2021-05-25,68.6500,66.0700,2.5800,0.039050
2021-05-26,68.8700,66.2100,2.6600,0.040175
2021-05-27,69.4600,66.8500,2.6100,0.039043
2021-05-28,69.6300,66.3200,3.3100,0.049909
2021-06-01,70.2500,67.7200,2.5300,0.037360
2021-06-02,71.3500,68.8300,2.5200,0.036612
2021-06-03,71.3100,68.8100,2.5000,0.036332
2021-06-04,71.8900,69.6200,2.2700,0.032606
2021-06-07,71.4900,69.2300,2.2600,0.032645
2021-06-08,72.2200,70.0500,2.1700,0.030978
2021-06-09,72.2200,69.9600,2.2600,0.032304
2021-06-10,72.5200,70.2900,2.2300,0.031726
2021-06-11,72.6900,70.9100,1.7800,0.025102
2021-06-14,72.8600,70.8800,1.9800,0.027935
2021-06-15,73.9900,72.1200,1.8700,0.025929
2021-06-16,74.3900,72.1500,2.2400,0.031046
2021-06-17,73.0800,71.0400,2.0400,0.028716
2021-06-18,73.5100,71.6400,1.8700,0.026103
2021-06-21,74.9000,73.6600,1.2400,0.016834
2021-06-22,74.8100,73.0600,1.7500,0.023953
2021-06-23,75.1900,73.0800,2.1100,0.028872
2021-06-24,75.5600,73.3000,2.2600,0.030832
2021-06-25,76.1800,74.0500,2.1300,0.028764
2021-06-28,74.6800,72.9100,1.7700,0.024276
2021-06-29,74.7600,72.9800,1.7800,0.024390
2021-06-30,75.1300,73.4700,1.6600,0.022594
2021-07-01,75.8400,75.2300,0.6100,0.008108
2021-07-02,76.1700,75.1600,1.0100,0.013438
2021-07-06,74.5300,73.3700,1.1600,0.015810
2021-07-07,73.4300,72.2000,1.2300,0.017036
2021-07-08,74.1200,72.9400,1.1800,0.016178
2021-07-09,75.5500,74.5600,0.9900,0.013278
2021-07-12,75.1600,74.1000,1.0600,0.014305
2021-07-13,76.4900,75.2500,1.2400,0.016478
2021-07-14,74.7600,73.1300,1.6300,0.022289
2021-07-15,73.4700,71.6500,1.8200,0.025401
2021-07-16,73.5900,71.8100,1.7800,0.024788
2021-07-19,68.6200,66.4200,2.2000,0.033123
2021-07-20,69.3500,67.4200,1.9300,0.028627
2021-07-21,72.2300,70.3000,1.9300,0.027454
2021-07-22,73.7900,71.9100,1.8800,0.026144
2021-07-23,74.1000,72.0700,2.0300,0.028167
2021-07-26,74.5000,71.9100,2.5900,0.036017
2021-07-27,74.4800,71.6500,2.8300,0.039498
2021-07-28,74.7400,72.3900,2.3500,0.032463
2021-07-29,76.0500,73.6200,2.4300,0.033007
2021-07-30,76.3300,73.9500,2.3800,0.032184
2021-08-02,72.8900,71.2600,1.6300,0.022874
2021-08-03,72.4100,70.5600,1.8500,0.026219
2021-08-04,70.3800,68.1500,2.2300,0.032722
2021-08-05,71.2900,69.0900,2.2000,0.031843
2021-08-06,70.7000,68.2800,2.4200,0.035442
2021-08-09,69.0400,66.4800,2.5600,0.038508
2021-08-10,70.6300,68.2900,2.3400,0.034266
2021-08-11,71.4400,69.2500,2.1900,0.031625
2021-08-12,71.3100,69.0900,2.2200,0.032132
2021-08-13,70.5900,68.4400,2.1500,0.031414
2021-08-16,69.5100,67.2900,2.2200,0.032992
2021-08-17,69.0300,66.5900,2.4400,0.036642
2021-08-18,68.2300,65.4600,2.7700,0.042316
2021-08-19,66.4500,63.6900,2.7600,0.043335
2021-08-20,65.1800,62.3200,2.8600,0.045892
2021-08-23,68.7500,65.6400,3.1100,0.047380
2021-08-24,71.0500,67.5400,3.5100,0.051969
2021-08-25,72.2500,68.3600,3.8900,0.056905
2021-08-26,71.0700,67.4200,3.6500,0.054138
2021-08-27,72.7000,68.7400,3.9600,0.057608
2021-08-30,73.4100,69.2100,4.2000,0.060685
2021-08-31,72.9900,68.5000,4.4900,0.065547
2021-09-01,71.5900,68.5900,3.0000,0.043738
2021-09-02,73.0300,69.9900,3.0400,0.043435
2021-09-03,72.6100,69.2900,3.3200,0.047915
2021-09-07,71.6900,68.3500,3.3400,0.048866
2021-09-08,72.6000,69.3000,3.3000,0.047619
2021-09-09,71.4500,68.1400,3.3100,0.048576
2021-09-10,72.9200,69.7200,3.2000,0.045898
2021-09-13,73.5100,70.4500,3.0600,0.043435
2021-09-14,73.6000,70.4600,3.1400,0.044564
2021-09-15,75.4600,72.6100,2.8500,0.039251
2021-09-16,75.6700,72.6100,3.0600,0.042143
2021-09-17,75.3400,71.9700,3.3700,0.046825
2021-09-20,73.9200,70.2900,3.6300,0.051643
2021-09-21,74.3600,70.5600,3.8000,0.053855
2021-09-22,76.1900,72.2300,3.9600,0.054825
2021-09-23,77.2500,73.3000,3.9500,0.053888
2021-09-24,78.0900,73.9800,4.1100,0.055555
2021-09-27,79.5300,75.4500,4.0800,0.054076
2021-09-28,79.0900,75.2900,3.8000,0.050471
2021-09-29,78.6400,74.8300,3.8100,0.050915
2021-09-30,78.5200,75.0300,3.4900,0.046515
2021-10-01,79.2800,75.8800,3.4000,0.044808
2021-10-04,81.2600,77.6200,3.6400,0.046895
2021-10-05,82.5600,78.9300,3.6300,0.045990
2021-10-06,81.0800,77.4300,3.6500,0.047139
2021-10-07,81.9500,78.3000,3.6500,0.046616
2021-10-08,82.3900,79.3500,3.0400,0.038311
2021-10-11,83.6500,80.5200,3.1300,0.038872
2021-10-12,83.4200,80.6400,2.7800,0.034474
2021-10-13,83.1800,80.4400,2.7400,0.034063
2021-10-14,84.0000,81.3100,2.6900,0.033083
2021-10-15,84.8600,82.2800,2.5800,0.031356
2021-10-18,84.3300,82.4400,1.8900,0.022926
2021-10-19,85.0800,82.9600,2.1200,0.025555
2021-10-20,85.8200,83.8700,1.9500,0.023250
2021-10-21,84.6100,82.5000,2.1100,0.025576
2021-10-22,85.5300,83.7600,1.7700,0.021132
2021-10-25,85.9900,83.7600,2.2300,0.026624
2021-10-26,86.4000,84.6500,1.7500,0.020673
2021-10-27,84.5800,82.6600,1.9200,0.023228
2021-10-28,84.3200,82.8100,1.5100,0.018235
2021-10-29,84.3800,83.5700,0.8100,0.009692
2021-11-01,84.7100,84.0500,0.6600,0.007852
2021-11-02,84.7200,83.9100,0.8100,0.009653
2021-11-03,81.9900,80.8600,1.1300,0.013975
2021-11-04,80.5400,78.8100,1.7300,0.021952
2021-11-05,82.7400,81.2700,1.4700,0.018088
2021-11-08,83.4300,81.9300,1.5000,0.018308
2021-11-09,84.7800,84.1500,0.6300,0.007487
2021-11-10,82.6400,81.3400,1.3000,0.015982
2021-11-11,82.8700,81.5900,1.2800,0.015688
2021-11-12,82.1700,80.7900,1.3800,0.017081
2021-11-15,82.0500,80.8800,1.1700,0.014466
2021-11-16,82.4300,80.7600,1.6700,0.020679
2021-11-17,80.2800,78.3600,1.9200,0.024502
2021-11-18,81.2400,79.0100,2.2300,0.028224
2021-11-19,78.8900,76.1000,2.7900,0.036662
2021-11-22,79.7000,76.7500,2.9500,0.038436
2021-11-23,82.3100,78.5000,3.8100,0.048535
2021-11-24,82.2500,78.3900,3.8600,0.049241
2021-11-26,72.7200,68.1500,4.5700,0.067058
2021-11-29,73.4400,69.9500,3.4900,0.049893
2021-11-30,70.5700,66.1800,4.3900,0.066334
2021-12-01,68.8700,65.5700,3.3000,0.050328
2021-12-02,69.6700,66.5000,3.1700,0.047669
2021-12-03,69.8800,66.2600,3.6200,0.054633
2021-12-06,73.0800,69.4900,3.5900,0.051662
2021-12-07,75.4400,72.0500,3.3900,0.047051
2021-12-08,75.8200,72.3600,3.4600,0.047816
2021-12-09,74.4200,70.9400,3.4800,0.049055
2021-12-10,75.1500,71.6700,3.4800,0.048556
2021-12-13,74.3900,71.2900,3.1000,0.043484
2021-12-14,73.7000,70.7300,2.9700,0.041991
2021-12-15,73.8800,70.8700,3.0100,0.042472
2021-12-16,75.0200,72.3800,2.6400,0.036474
2021-12-17,73.5200,70.8600,2.6600,0.037539
2021-12-20,71.5200,68.2300,3.2900,0.048219
2021-12-21,73.9800,71.1200,2.8600,0.040214
2021-12-22,75.2900,72.7600,2.5300,0.034772
2021-12-23,76.8500,73.7900,3.0600,0.041469
2021-12-27,78.6000,75.5700,3.0300,0.040095
2021-12-28,78.9400,75.9800,2.9600,0.038958
2021-12-29,79.2300,76.5600,2.6700,0.034875
2021-12-30,79.3200,76.9900,2.3300,0.030264
2021-12-31,77.7800,75.2100,2.5700,0.034171
2022-01-03,78.9800,76.0800,2.9000,0.038118
2022-01-04,80.0000,76.9900,3.0100,0.039096
2022-01-05,80.8000,77.8500,2.9500,0.037893
2022-01-06,81.9900,79.4600,2.5300,0.031840
2022-01-07,81.7500,78.9000,2.8500,0.036122
2022-01-10,80.8700,78.2300,2.6400,0.033747
2022-01-11,83.7200,81.2200,2.5000,0.030781
2022-01-12,84.6700,82.6400,2.0300,0.024564
2022-01-13,84.4700,82.1200,2.3500,0.028617
2022-01-14,86.0600,83.8200,2.2400,0.026724
2022-01-18,87.5100,85.4300,2.0800,0.024347
2022-01-19,88.4400,86.9600,1.4800,0.017019
2022-01-20,88.3800,86.9000,1.4800,0.017031
2022-01-21,87.8900,85.1400,2.7500,0.032300
2022-01-24,86.2700,83.3100,2.9600,0.035530
2022-01-25,88.2000,85.6000,2.6000,0.030374
2022-01-26,89.9600,87.3500,2.6100,0.029880
2022-01-27,89.3400,86.6100,2.7300,0.031521
2022-01-28,90.0300,86.8200,3.2100,0.036973
2022-01-31,91.2100,88.1500,3.0600,0.034714
2022-02-01,89.1600,88.2000,0.9600,0.010884
2022-02-02,89.4700,88.2600,1.2100,0.013709
2022-02-03,91.1100,90.2700,0.8400,0.009305
2022-02-04,93.2700,92.3100,0.9600,0.010400
2022-02-07,92.6900,91.3200,1.3700,0.015002
2022-02-08,90.7800,89.3600,1.4200,0.015891
2022-02-09,91.5500,89.6600,1.8900,0.021080
2022-02-10,91.4100,89.8800,1.5300,0.017023
2022-02-11,94.4400,93.1000,1.3400,0.014393
2022-02-14,96.4800,95.4600,1.0200,0.010685
2022-02-15,93.2800,92.0700,1.2100,0.013142
2022-02-16,94.8100,93.6600,1.1500,0.012278
2022-02-17,92.9700,91.7600,1.2100,0.013187
2022-02-18,93.5400,91.0700,2.4700,0.027122
2022-02-22,96.8400,92.3500,4.4900,0.048619
2022-02-23,96.8400,92.1000,4.7400,0.051466
2022-02-24,99.0800,92.8100,6.2700,0.067557
2022-02-25,97.9300,91.5900,6.3400,0.069222
2022-02-28,100.9900,95.7200,5.2700,0.055056
2022-03-01,104.9700,103.4100,1.5600,0.015086
2022-03-02,112.9300,110.6000,2.3300,0.021067
2022-03-03,110.4600,107.6700,2.7900,0.025913
2022-03-04,118.1100,115.6800,2.4300,0.021006
2022-03-07,123.2100,119.4000,3.8100,0.031910
2022-03-08,127.9800,123.7000,4.2800,0.034600
2022-03-09,111.1400,108.7000,2.4400,0.022447
2022-03-10,109.3300,106.0200,3.3100,0.031221
2022-03-11,112.6700,109.3300,3.3400,0.030550
2022-03-14,106.9000,103.0100,3.8900,0.037763
2022-03-15,99.9100,96.4400,3.4700,0.035981
2022-03-16,98.0200,95.0400,2.9800,0.031355
2022-03-17,106.6400,102.9800,3.6600,0.035541
2022-03-18,107.9300,104.7000,3.2300,0.030850
2022-03-21,115.6200,112.1200,3.5000,0.031217
2022-03-22,115.4800,111.7600,3.7200,0.033286
2022-03-23,121.6000,114.9300,6.6700,0.058035
2022-03-24,119.0300,112.3400,6.6900,0.059551
2022-03-25,120.6500,113.9000,6.7500,0.059263
2022-03-28,112.4800,105.9600,6.5200,0.061533
2022-03-29,110.2300,104.2400,5.9900,0.057464
2022-03-30,113.4500,107.8200,5.6300,0.052217
2022-03-31,107.9100,100.2800,7.6300,0.076087
2022-04-01,104.3900,99.2700,5.1200,0.051577
2022-04-04,107.5300,103.2800,4.2500,0.041150
2022-04-05,106.6400,101.9600,4.6800,0.045900
2022-04-06,101.0700,96.2300,4.8400,0.050296
2022-04-07,100.5800,96.0300,4.5500,0.047381
2022-04-08,102.7800,98.2600,4.5200,0.046000
2022-04-11,98.4800,94.2900,4.1900,0.044437
2022-04-12,104.6400,100.6000,4.0400,0.040159
2022-04-13,108.7800,104.2500,4.5300,0.043453
2022-04-14,111.7000,106.9500,4.7500,0.044413
2022-04-18,113.1600,108.2100,4.9500,0.045744
2022-04-19,107.2500,102.5600,4.6900,0.045729
2022-04-20,106.8000,102.7500,4.0500,0.039416
2022-04-21,108.3300,103.7900,4.5400,0.043742
2022-04-22,106.6500,102.0700,4.5800,0.044871
2022-04-25,102.3200,98.5400,3.7800,0.038360
2022-04-26,104.9900,101.7000,3.2900,0.032350
2022-04-27,105.3200,102.0200,3.3000,0.032347
2022-04-28,107.5900,105.3600,2.2300,0.021165
2022-04-29,109.3400,104.6900,4.6500,0.044417
2022-05-02,107.5800,105.1700,2.4100,0.022915
2022-05-03,104.9700,102.4100,2.5600,0.024998
2022-05-04,110.1400,107.8100,2.3300,0.021612
2022-05-05,110.9000,108.2600,2.6400,0.024386
2022-05-06,112.3900,109.7700,2.6200,0.023868
2022-05-09,105.9400,103.0900,2.8500,0.027646
2022-05-10,102.4600,99.7600,2.7000,0.027065
2022-05-11,107.5100,105.7100,1.8000,0.017028
2022-05-12,107.4500,106.1300,1.3200,0.012438
2022-05-13,111.5500,110.4900,1.0600,0.009594
2022-05-16,114.2400,114.2000,0.0400,0.000350
2022-05-17,111.9300,112.4000,-0.4700,-0.004182
2022-05-18,109.1100,109.5900,-0.4800,-0.004380
2022-05-19,112.0400,112.2100,-0.1700,-0.001515
2022-05-20,112.5500,113.2300,-0.6800,-0.006005
2022-05-23,113.4200,110.2900,3.1300,0.028380
2022-05-24,113.5600,109.7700,3.7900,0.034527
2022-05-25,114.0300,110.3300,3.7000,0.033536
2022-05-26,117.4000,114.0900,3.3100,0.029012
2022-05-27,119.4300,115.0700,4.3600,0.037890
2022-05-31,122.8400,114.6700,8.1700,0.071248
2022-06-01,116.2900,115.2600,1.0300,0.008936
2022-06-02,117.6100,116.8700,0.7400,0.006332
2022-06-03,119.7200,118.8700,0.8500,0.007151
2022-06-06,119.5100,118.5000,1.0100,0.008523
2022-06-07,120.5700,119.4100,1.1600,0.009714
2022-06-08,123.5800,122.1100,1.4700,0.012038
2022-06-09,123.0700,121.5100,1.5600,0.012838
2022-06-10,122.0100,120.6700,1.3400,0.011105
2022-06-13,122.2700,120.9300,1.3400,0.011081
2022-06-14,121.1700,118.9300,2.2400,0.018835
2022-06-15,118.5100,115.3100,3.2000,0.027751
2022-06-16,119.8100,117.5900,2.2200,0.018879
2022-06-17,113.1200,109.5600,3.5600,0.032494
2022-06-21,114.6500,110.6500,4.0000,0.036150
2022-06-22,111.7400,106.1900,5.5500,0.052265
2022-06-23,110.0500,104.2700,5.7800,0.055433
2022-06-24,113.1200,107.6200,5.5000,0.051106
2022-06-27,115.0900,109.5700,5.5200,0.050379
2022-06-28,117.9800,111.7600,6.2200,0.055655
2022-06-29,116.2600,109.7800,6.4800,0.059027
2022-06-30,114.8100,105.7600,9.0500,0.085571
2022-07-01,111.6300,108.4300,3.2000,0.029512
2022-07-05,102.7700,99.5000,3.2700,0.032864
2022-07-06,100.6900,98.5300,2.1600,0.021922
2022-07-07,104.6500,102.7300,1.9200,0.018690
2022-07-08,107.0200,104.7900,2.2300,0.021281
2022-07-11,107.1000,104.0900,3.0100,0.028917
2022-07-12,99.4900,95.8400,3.6500,0.038084
2022-07-13,99.5700,96.3000,3.2700,0.033956
2022-07-14,99.1000,95.7800,3.3200,0.034663
2022-07-15,101.1600,97.5900,3.5700,0.036582
2022-07-18,106.2700,102.6000,3.6700,0.035770
2022-07-19,107.3500,104.2200,3.1300,0.030033
2022-07-20,106.9200,102.2600,4.6600,0.045570
2022-07-21,103.8600,96.3500,7.5100,0.077945
2022-07-22,103.2000,94.7000,8.5000,0.089757
2022-07-25,105.1500,96.7000,8.4500,0.087384
2022-07-26,104.4000,94.9800,9.4200,0.099179
2022-07-27,106.6200,97.2600,9.3600,0.096237
2022-07-28,107.1400,96.4200,10.7200,0.111180
2022-07-29,110.0100,98.6200,11.3900,0.115494
2022-08-01,100.0300,93.8900,6.1400,0.065396
2022-08-02,100.5400,94.4200,6.1200,0.064817
2022-08-03,96.7800,90.6600,6.1200,0.067505
2022-08-04,94.1200,88.5400,5.5800,0.063022
2022-08-05,94.9200,89.0100,5.9100,0.066397
2022-08-08,96.6500,90.7600,5.8900,0.064896
2022-08-09,96.3100,90.5000,5.8100,0.064199
2022-08-10,97.4000,91.9300,5.4700,0.059502
2022-08-11,99.6000,94.3400,5.2600,0.055756
2022-08-12,98.1500,92.0900,6.0600,0.065805
2022-08-15,95.1000,89.4100,5.6900,0.063639
2022-08-16,92.3400,86.5300,5.8100,0.067144
2022-08-17,93.6500,88.1100,5.5400,0.062876
2022-08-18,96.5900,90.5000,6.0900,0.067293
2022-08-19,96.7200,90.7700,5.9500,0.065550
2022-08-22,96.4800,90.2300,6.2500,0.069267
2022-08-23,100.2200,93.7400,6.4800,0.069127
2022-08-24,101.2200,94.8900,6.3300,0.066709
2022-08-25,99.3400,92.5200,6.8200,0.073714
2022-08-26,100.9900,93.0600,7.9300,0.085214
2022-08-29,105.0900,97.0100,8.0800,0.083290
2022-08-30,99.3100,91.6400,7.6700,0.083697
2022-08-31,96.4900,89.5500,6.9400,0.077499
2022-09-01,92.3600,86.6100,5.7500,0.066390
2022-09-02,93.0200,86.8700,6.1500,0.070795
2022-09-06,92.8300,86.8800,5.9500,0.068485
2022-09-07,88.0000,81.9400,6.0600,0.073957
2022-09-08,89.1500,83.5400,5.6100,0.067153
2022-09-09,92.8400,86.7900,6.0500,0.069708
2022-09-12,94.0000,87.7800,6.2200,0.070859
2022-09-13,93.1700,87.3100,5.8600,0.067117
2022-09-14,94.1000,88.4800,5.6200,0.063517
2022-09-15,90.8400,85.1000,5.7400,0.067450
2022-09-16,91.3500,85.1100,6.2400,0.073317
2022-09-19,92.0000,85.7300,6.2700,0.073137
2022-09-20,90.6200,84.4500,6.1700,0.073061
2022-09-21,89.8300,82.9400,6.8900,0.083072
2022-09-22,90.4600,83.4900,6.9700,0.083483
2022-09-23,86.1500,78.7400,7.4100,0.094107
2022-09-26,84.0600,76.7100,7.3500,0.095815
2022-09-27,86.2700,78.5000,7.7700,0.098981
2022-09-28,89.3200,82.1500,7.1700,0.087279
2022-09-29,88.4900,81.2300,7.2600,0.089376
2022-09-30,87.9600,79.4900,8.4700,0.106554
2022-10-03,88.8600,83.6300,5.2300,0.062537
2022-10-04,91.8000,86.5200,5.2800,0.061026
2022-10-05,93.3700,87.7600,5.6100,0.063924
2022-10-06,94.4200,88.4500,5.9700,0.067496
2022-10-07,97.9200,92.6400,5.2800,0.056995
2022-10-10,96.1900,91.1300,5.0600,0.055525
2022-10-11,94.2900,89.3500,4.9400,0.055288
2022-10-12,92.4500,87.2700,5.1800,0.059356
2022-10-13,94.5700,89.1100,5.4600,0.061273
2022-10-14,91.6300,85.6100,6.0200,0.070319
2022-10-17,91.6200,85.4600,6.1600,0.072081
2022-10-18,90.0300,82.8200,7.2100,0.087056
2022-10-19,92.4100,85.5500,6.8600,0.080187
2022-10-20,92.3800,85.9800,6.4000,0.074436
2022-10-21,93.5000,85.0500,8.4500,0.099353
2022-10-24,93.2600,84.5800,8.6800,0.102625
2022-10-25,93.5200,85.3200,8.2000,0.096109
2022-10-26,95.6900,87.9100,7.7800,0.088500
2022-10-27,96.9600,89.0800,7.8800,0.088460
2022-10-28,95.7700,87.9000,7.8700,0.089534
2022-10-31,94.8300,86.5300,8.3000,0.095921
2022-11-01,94.6500,88.3700,6.2800,0.071065
2022-11-02,96.1600,90.0000,6.1600,0.068444
2022-11-03,94.6700,88.1700,6.5000,0.073721
2022-11-04,98.5700,92.6100,5.9600,0.064356
2022-11-07,97.9200,91.7900,6.1300,0.066783
2022-11-08,95.3600,88.9100,6.4500,0.072545
2022-11-09,92.6500,85.8300,6.8200,0.079459
2022-11-10,93.6700,86.4700,7.2000,0.083266
2022-11-11,95.9900,88.9600,7.0300,0.079024
2022-11-14,93.1400,85.8700,7.2700,0.084663
2022-11-15,93.8600,86.9200,6.9400,0.079844
2022-11-16,92.8600,85.5900,7.2700,0.084940
2022-11-17,89.7800,81.6400,8.1400,0.099706
2022-11-18,87.6200,80.0800,7.5400,0.094156
2022-11-21,87.4500,79.7300,7.7200,0.096827
2022-11-22,88.3600,80.9500,7.4100,0.091538
2022-11-23,85.4100,77.9400,7.4700,0.095843
2022-11-25,83.6300,76.2800,7.3500,0.096356
2022-11-28,83.1900,77.2400,5.9500,0.077033
2022-11-29,83.0300,78.2000,4.8300,0.061765
2022-11-30,85.4300,80.5500,4.8800,0.060583
2022-12-01,86.8800,81.2200,5.6600,0.069687
2022-12-02,85.5700,79.9800,5.5900,0.069892
2022-12-05,82.6800,76.9300,5.7500,0.074743
2022-12-06,79.3500,74.2500,5.1000,0.068687
2022-12-07,77.1700,72.0100,5.1600,0.071657
2022-12-08,76.1500,71.4600,4.6900,0.065631
2022-12-09,76.1000,71.0200,5.0800,0.071529
2022-12-12,77.9900,73.1700,4.8200,0.065874
2022-12-13,80.6800,75.3900,5.2900,0.070168
2022-12-14,82.7000,77.2800,5.4200,0.070135
2022-12-15,81.2100,76.1100,5.1000,0.067008
2022-12-16,79.0400,74.2900,4.7500,0.063939
2022-12-19,79.8000,75.1900,4.6100,0.061311
2022-12-20,79.9900,76.0900,3.9000,0.051255
2022-12-21,82.2000,78.2900,3.9100,0.049942
2022-12-22,80.9800,77.4900,3.4900,0.045038
2022-12-23,83.9200,79.5600,4.3600,0.054801
2022-12-27,84.3300,79.5300,4.8000,0.060355
2022-12-28,83.2600,78.9600,4.3000,0.054458
2022-12-29,82.2600,78.4000,3.8600,0.049235
2022-12-30,85.9100,80.2600,5.6500,0.070396
2023-01-03,82.1000,76.9300,5.1700,0.067204
2023-01-04,77.8400,72.8400,5.0000,0.068644
2023-01-05,78.6900,73.6700,5.0200,0.068142
2023-01-06,78.5700,73.7700,4.8000,0.065067
2023-01-09,79.6500,74.6300,5.0200,0.067265
2023-01-10,80.1000,75.1200,4.9800,0.066294
2023-01-11,82.6700,77.4100,5.2600,0.067950
2023-01-12,84.0300,78.3900,5.6400,0.071948
2023-01-13,85.2800,79.8600,5.4200,0.067869
2023-01-17,85.9200,80.1800,5.7400,0.071589
2023-01-18,84.9800,79.4800,5.5000,0.069200
2023-01-19,86.1600,80.3300,5.8300,0.072576
2023-01-20,87.6300,81.3100,6.3200,0.077727
2023-01-23,88.1900,81.6200,6.5700,0.080495
2023-01-24,86.1300,80.1300,6.0000,0.074878
2023-01-25,86.1200,80.1500,5.9700,0.074485
2023-01-26,87.4700,81.0100,6.4600,0.079743
2023-01-27,86.6600,79.6800,6.9800,0.087600
2023-01-30,84.9000,77.9000,7.0000,0.089859
2023-01-31,84.4900,78.8700,5.6200,0.071256
2023-02-01,82.8400,76.4100,6.4300,0.084151
2023-02-02,82.1700,75.8800,6.2900,0.082894
2023-02-03,79.9400,73.3900,6.5500,0.089249
2023-02-06,80.9900,74.1100,6.8800,0.092835
2023-02-07,83.6900,77.1400,6.5500,0.084911
2023-02-08,85.0900,78.4700,6.6200,0.084363
2023-02-09,84.5000,78.0600,6.4400,0.082501
2023-02-10,86.3900,79.7200,6.6700,0.083668
2023-02-13,86.6100,80.1400,6.4700,0.080734
2023-02-14,85.5800,79.0600,6.5200,0.082469
2023-02-15,85.3800,78.5900,6.7900,0.086398
2023-02-16,85.1400,78.4900,6.6500,0.084724
2023-02-17,83.0000,76.3400,6.6600,0.087241
2023-02-21,83.0500,76.1600,6.8900,0.090467
2023-02-22,80.6000,73.9500,6.6500,0.089926
2023-02-23,82.2100,75.3900,6.8200,0.090463
2023-02-24,83.1600,76.3200,6.8400,0.089623
2023-02-27,82.4500,75.6800,6.7700,0.089456
2023-02-28,83.8900,77.0500,6.8400,0.088773
2023-03-01,84.3100,77.6900,6.6200,0.085210
2023-03-02,84.7500,78.1600,6.5900,0.084314
2023-03-03,85.8300,79.6800,6.1500,0.077184
2023-03-06,86.1800,80.4600,5.7200,0.071091
2023-03-07,83.2900,77.5800,5.7100,0.073601
2023-03-08,82.6600,76.6600,6.0000,0.078268
2023-03-09,81.5900,75.7200,5.8700,0.077522
2023-03-10,82.7800,76.6800,6.1000,0.079551
2023-03-13,80.7700,74.8000,5.9700,0.079813
2023-03-14,77.4500,71.3300,6.1200,0.085798
2023-03-15,73.6900,67.6100,6.0800,0.089928
2023-03-16,74.7000,68.3500,6.3500,0.092904
2023-03-17,72.9700,66.7400,6.2300,0.093347
2023-03-20,73.7900,67.6400,6.1500,0.090923
2023-03-21,75.3200,69.3300,5.9900,0.086398
2023-03-22,76.6900,70.9000,5.7900,0.081664
2023-03-23,75.9100,69.9600,5.9500,0.085049
2023-03-24,74.9900,69.2600,5.7300,0.082732
2023-03-27,78.1200,72.8100,5.3100,0.072930
2023-03-28,78.6500,73.2000,5.4500,0.074454
2023-03-29,78.2800,72.9700,5.3100,0.072770
2023-03-30,79.2700,74.3700,4.9000,0.065887
2023-03-31,79.7700,75.6700,4.1000,0.054183
2023-04-03,84.9300,80.4200,4.5100,0.056081
2023-04-04,84.9400,80.7100,4.2300,0.052410
2023-04-05,84.9900,80.6100,4.3800,0.054336
2023-04-06,85.1200,80.7000,4.4200,0.054771
2023-04-10,84.1800,79.7400,4.4400,0.055681
2023-04-11,85.6100,81.5300,4.0800,0.050043
2023-04-12,87.3300,83.2600,4.0700,0.048883
2023-04-13,86.0900,82.1600,3.9300,0.047833
2023-04-14,86.3100,82.5200,3.7900,0.045928
2023-04-17,84.7600,80.8300,3.9300,0.048621
2023-04-18,84.7700,80.8600,3.9100,0.048355
2023-04-19,83.1200,79.1600,3.9600,0.050025
2023-04-20,81.1000,77.2900,3.8100,0.049295
2023-04-21,81.6600,77.8700,3.7900,0.048671
2023-04-24,82.7300,78.7600,3.9700,0.050406
2023-04-25,80.7700,77.0700,3.7000,0.048008
2023-04-26,77.6900,74.3000,3.3900,0.045626
2023-04-27,78.3700,74.7600,3.6100,0.048288
2023-04-28,79.5400,76.7800,2.7600,0.035947
2023-05-01,79.3100,75.6600,3.6500,0.048242
2023-05-02,75.3200,71.6600,3.6600,0.051074
2023-05-03,72.3300,68.6000,3.7300,0.054373
2023-05-04,72.5000,68.5600,3.9400,0.057468
2023-05-05,75.3000,71.3400,3.9600,0.055509
2023-05-08,77.0100,73.1600,3.8500,0.052624
2023-05-09,77.4400,73.7100,3.7300,0.050604
2023-05-10,76.4100,72.5600,3.8500,0.053060
2023-05-11,74.9800,70.8700,4.1100,0.057994
2023-05-12,74.1700,70.0400,4.1300,0.058966
2023-05-15,75.2300,71.1100,4.1200,0.057938
2023-05-16,74.9100,70.8600,4.0500,0.057155
2023-05-17,76.9600,72.8300,4.1300,0.056707
2023-05-18,75.8600,71.8600,4.0000,0.055664
2023-05-19,75.5800,71.5500,4.0300,0.056324
2023-05-22,75.9900,71.9900,4.0000,0.055563
2023-05-23,76.8400,72.9100,3.9300,0.053902
2023-05-24,78.3600,74.3400,4.0200,0.054076
2023-05-25,76.2600,71.8300,4.4300,0.061673
2023-05-26,76.9500,72.6700,4.2800,0.058896
2023-05-30,73.5400,69.4600,4.0800,0.058739
2023-05-31,72.6600,68.0900,4.5700,0.067117
2023-06-01,74.2800,70.1000,4.1800,0.059629
2023-06-02,76.1300,71.7400,4.3900,0.061193
2023-06-05,76.7100,72.1500,4.5600,0.063202
2023-06-06,76.2900,71.7400,4.5500,0.063424
2023-06-07,76.9500,72.5300,4.4200,0.060940
2023-06-08,75.9600,71.2900,4.6700,0.065507
2023-06-09,74.7900,70.1700,4.6200,0.065840
2023-06-12,71.8400,67.1200,4.7200,0.070322
2023-06-13,74.2900,69.4200,4.8700,0.070153
2023-06-14,73.2000,68.2700,4.9300,0.072213
2023-06-15,75.6700,70.6200,5.0500,0.071509
2023-06-16,76.6100,71.7800,4.8300,0.067289
2023-06-20,75.9000,70.5000,5.4000,0.076596
2023-06-21,77.1200,72.5300,4.5900,0.063284
2023-06-22,74.1400,69.5100,4.6300,0.066609
2023-06-23,73.8500,69.1600,4.6900,0.067814
2023-06-26,74.1800,69.3700,4.8100,0.069338
2023-06-27,72.2600,67.7000,4.5600,0.067356
2023-06-28,74.0300,69.5600,4.4700,0.064261
2023-06-29,74.3400,69.8600,4.4800,0.064128
2023-06-30,74.9000,70.6400,4.2600,0.060306
2023-07-03,74.6500,69.7900,4.8600,0.069637
2023-07-05,76.6500,71.7900,4.8600,0.067697
2023-07-06,76.5200,71.8000,4.7200,0.065738
2023-07-07,78.4700,73.8600,4.6100,0.062415
2023-07-10,77.6900,72.9900,4.7000,0.064392
2023-07-11,79.4000,74.8300,4.5700,0.061072
2023-07-12,80.1100,75.7500,4.3600,0.057558
2023-07-13,81.3600,76.8900,4.4700,0.058135
2023-07-14,79.8700,75.4200,4.4500,0.059003
2023-07-17,78.5000,74.1500,4.3500,0.058665
2023-07-18,79.6300,75.7500,3.8800,0.051221
2023-07-19,79.4600,75.3500,4.1100,0.054545
2023-07-20,79.6400,75.6300,4.0100,0.053021
2023-07-21,81.0700,77.0700,4.0000,0.051901
2023-07-24,82.7400,78.7400,4.0000,0.050800
2023-07-25,83.6400,79.6300,4.0100,0.050358
2023-07-26,82.9200,78.7800,4.1400,0.052551
2023-07-27,84.2400,80.0900,4.1500,0.051817
2023-07-28,84.9900,80.5800,4.4100,0.054728
2023-07-31,85.5600,81.8000,3.7600,0.045966
2023-08-01,84.9100,81.3700,3.5400,0.043505
2023-08-02,83.2000,79.4900,3.7100,0.046673
2023-08-03,85.1400,81.5500,3.5900,0.044022
2023-08-04,86.2400,82.8200,3.4200,0.041294
2023-08-07,85.3400,81.9400,3.4000,0.041494
2023-08-08,86.1700,82.9200,3.2500,0.039194
2023-08-09,87.5500,84.4000,3.1500,0.037322
2023-08-10,86.4000,82.8200,3.5800,0.043226
2023-08-11,86.8100,83.1900,3.6200,0.043515
2023-08-14,86.2100,82.5100,3.7000,0.044843
2023-08-15,84.8900,80.9900,3.9000,0.048154
2023-08-16,83.4500,79.3800,4.0700,0.051272
2023-08-17,84.1200,80.3900,3.7300,0.046399
2023-08-18,84.8000,81.2500,3.5500,0.043692
2023-08-21,84.4600,80.7200,3.7400,0.046333
2023-08-22,84.0300,80.3500,3.6800,0.045800
2023-08-23,83.2100,78.8900,4.3200,0.054760
2023-08-24,83.3600,79.0500,4.3100,0.054522
2023-08-25,84.4800,79.8300,4.6500,0.058249
2023-08-28,84.4200,80.1000,4.3200,0.053933
2023-08-29,85.4900,81.1600,4.3300,0.053351
2023-08-30,85.8600,81.6300,4.2300,0.051819
2023-08-31,86.8600,83.6300,3.2300,0.038623
2023-09-01,88.5500,85.5500,3.0000,0.035067
2023-09-05,90.0400,86.6900,3.3500,0.038643
2023-09-06,90.6000,87.5400,3.0600,0.034955
2023-09-07,89.9200,86.8700,3.0500,0.035110
2023-09-08,90.6500,87.5100,3.1400,0.035882
2023-09-11,90.6400,87.2900,3.3500,0.038378
2023-09-12,92.0600,88.8400,3.2200,0.036245
2023-09-13,91.8800,88.5200,3.3600,0.037958
2023-09-14,93.7000,90.1600,3.5400,0.039263
2023-09-15,93.9300,90.7700,3.1600,0.034813
2023-09-18,94.4300,91.4800,2.9500,0.032247
2023-09-19,94.3400,91.2000,3.1400,0.034430
2023-09-20,93.5300,90.2800,3.2500,0.035999
2023-09-21,93.3000,89.6300,3.6700,0.040946
2023-09-22,93.2700,90.0300,3.2400,0.035988
2023-09-25,93.2900,89.6800,3.6100,0.040254
2023-09-26,93.9600,90.3900,3.5700,0.039496
2023-09-27,96.5500,93.6800,2.8700,0.030636
2023-09-28,95.3800,91.7100,3.6700,0.040017
2023-09-29,95.3100,90.7900,4.5200,0.049785
2023-10-02,90.7100,88.8200,1.8900,0.021279
2023-10-03,90.9200,89.2300,1.6900,0.018940
2023-10-04,85.8100,84.2200,1.5900,0.018879
2023-10-05,84.0700,82.3100,1.7600,0.021383
2023-10-06,84.5800,82.7900,1.7900,0.021621
2023-10-09,88.1500,86.3800,1.7700,0.020491
2023-10-10,87.6500,85.9700,1.6800,0.019542
2023-10-11,85.8200,83.4900,2.3300,0.027908
2023-10-12,86.0000,82.9100,3.0900,0.037269
2023-10-13,90.8900,87.6900,3.2000,0.036492
2023-10-16,89.6500,86.6600,2.9900,0.034503
2023-10-17,89.9000,86.6600,3.2400,0.037387
2023-10-18,91.5000,88.3200,3.1800,0.036005
2023-10-19,92.3800,89.3700,3.0100,0.033680
2023-10-20,92.1600,88.7500,3.4100,0.038423
2023-10-23,89.8300,85.4900,4.3400,0.050766
2023-10-24,88.0700,83.7400,4.3300,0.051708
2023-10-25,90.1300,85.3900,4.7400,0.055510
2023-10-26,87.9300,83.2100,4.7200,0.056724
2023-10-27,90.4800,85.5400,4.9400,0.057751
2023-10-30,87.4500,82.3100,5.1400,0.062447
2023-10-31,87.4100,81.0200,6.3900,0.078870
2023-11-01,84.6300,80.4400,4.1900,0.052088
2023-11-02,86.8500,82.4600,4.3900,0.053238
2023-11-03,84.8900,80.5100,4.3800,0.054403
2023-11-06,85.1800,80.8200,4.3600,0.053947
2023-11-07,81.6100,77.3700,4.2400,0.054802
2023-11-08,79.5400,75.3300,4.2100,0.055887
2023-11-09,80.0100,75.7400,4.2700,0.056377
2023-11-10,81.4300,77.1700,4.2600,0.055203
2023-11-13,82.5200,78.2600,4.2600,0.054434
2023-11-14,82.4700,78.2600,4.2100,0.053795
2023-11-15,81.1800,76.6600,4.5200,0.058962
2023-11-16,77.4200,72.9000,4.5200,0.062003
2023-11-17,80.6100,75.8900,4.7200,0.062195
2023-11-20,82.3200,77.6000,4.7200,0.060825
2023-11-21,82.4500,77.7700,4.6800,0.060177
2023-11-22,81.9600,77.1000,4.8600,0.063035
2023-11-24,80.5800,75.5400,5.0400,0.066720
2023-11-27,79.9800,74.8600,5.1200,0.068394
2023-11-28,81.6800,76.4100,5.2700,0.068970
2023-11-29,83.1000,77.8600,5.2400,0.067300
2023-11-30,82.8300,75.9600,6.8700,0.090442
2023-12-01,78.8800,74.0700,4.8100,0.064939
2023-12-04,78.0300,73.0400,4.9900,0.068319
2023-12-05,77.2000,72.3200,4.8800,0.067478
2023-12-06,74.3000,69.3800,4.9200,0.070914
2023-12-07,74.0500,69.3400,4.7100,0.067926
2023-12-08,75.8400,71.2300,4.6100,0.064720
2023-12-11,76.0300,71.3200,4.7100,0.066040
2023-12-12,73.2400,68.6100,4.6300,0.067483
2023-12-13,74.2600,69.4700,4.7900,0.068951
2023-12-14,76.6100,71.5800,5.0300,0.070271
2023-12-15,76.5500,71.4300,5.1200,0.071679
2023-12-18,77.9500,72.4700,5.4800,0.075617
2023-12-19,79.2300,73.4400,5.7900,0.078840
2023-12-20,79.7000,74.2200,5.4800,0.073834
2023-12-21,79.3900,73.8900,5.5000,0.074435
2023-12-22,79.0700,73.5600,5.5100,0.074905
2023-12-26,81.0700,75.5700,5.5000,0.072780
2023-12-27,79.6500,74.1100,5.5400,0.074754
2023-12-28,78.3900,71.7700,6.6200,0.092239
2023-12-29,77.0400,71.6500,5.3900,0.075227
2024-01-02,75.8900,70.3800,5.5100,0.078289
2024-01-03,78.2500,72.7000,5.5500,0.076341
2024-01-04,77.5900,72.1900,5.4000,0.074803
2024-01-05,78.7600,73.8100,4.9500,0.067064
2024-01-08,76.1200,70.7700,5.3500,0.075597
2024-01-09,77.5900,72.2400,5.3500,0.074059
2024-01-10,76.8000,71.3700,5.4300,0.076082
2024-01-11,77.4100,72.0200,5.3900,0.074840
2024-01-12,78.2900,72.6800,5.6100,0.077188
2024-01-16,78.2900,72.4000,5.8900,0.081354
2024-01-17,77.8800,72.5600,5.3200,0.073319
2024-01-18,79.1000,74.0800,5.0200,0.067765
2024-01-19,78.5600,73.4100,5.1500,0.070154
2024-01-22,80.0600,75.1900,4.8700,0.064769
2024-01-23,79.5500,74.3700,5.1800,0.069652
2024-01-24,80.0400,75.0900,4.9500,0.065921
2024-01-25,82.4300,77.3600,5.0700,0.065538
2024-01-26,83.5500,78.0100,5.5400,0.071017
2024-01-29,82.4000,76.7800,5.6200,0.073196
2024-01-30,82.8700,77.8200,5.0500,0.064893
2024-01-31,81.7100,75.8500,5.8600,0.077258
2024-02-01,78.7000,73.8200,4.8800,0.066107
2024-02-02,77.3300,72.2800,5.0500,0.069867
2024-02-05,77.9900,72.7800,5.2100,0.071586
2024-02-06,78.5900,73.3100,5.2800,0.072023
2024-02-07,79.2100,73.8600,5.3500,0.072434
2024-02-08,81.6300,76.2200,5.4100,0.070979
2024-02-09,82.1900,76.8400,5.3500,0.069625
2024-02-12,82.0000,76.9200,5.0800,0.066043
2024-02-13,82.7700,77.8700,4.9000,0.062925
2024-02-14,81.6000,76.6400,4.9600,0.064718
2024-02-15,82.8600,78.0300,4.8300,0.061899
2024-02-16,83.4700,79.1900,4.2800,0.054047
2024-02-20,82.3400,78.1800,4.1600,0.053210
2024-02-21,83.0300,77.9100,5.1200,0.065717
2024-02-22,83.6700,78.6100,5.0600,0.064368
2024-02-23,81.6200,76.4900,5.1300,0.067068
2024-02-26,82.5300,77.5800,4.9500,0.063805
2024-02-27,83.6500,78.8700,4.7800,0.060606
2024-02-28,83.6800,78.5400,5.1400,0.065444
2024-02-29,83.6200,78.2600,5.3600,0.068490
2024-03-01,83.5500,79.9700,3.5800,0.044767
2024-03-04,82.8000,78.7400,4.0600,0.051562
2024-03-05,82.0400,78.1500,3.8900,0.049776
2024-03-06,82.9600,79.1300,3.8300,0.048401
2024-03-07,82.9600,78.9300,4.0300,0.051058
2024-03-08,82.0800,78.0100,4.0700,0.052173
2024-03-11,82.2100,77.9300,4.2800,0.054921
2024-03-12,81.9200,77.5600,4.3600,0.056215
2024-03-13,84.0300,79.7200,4.3100,0.054064
2024-03-14,85.4200,81.2600,4.1600,0.051194
2024-03-15,85.3400,81.0400,4.3000,0.053060
2024-03-18,86.8900,82.7200,4.1700,0.050411
2024-03-19,87.3800,83.4700,3.9100,0.046843
2024-03-20,85.9500,81.6800,4.2700,0.052277
2024-03-21,85.7800,81.0700,4.7100,0.058098
2024-03-22,85.4300,80.6300,4.8000,0.059531
2024-03-25,86.7500,81.9500,4.8000,0.058572
2024-03-26,86.2500,81.6200,4.6300,0.056726
2024-03-27,86.0900,81.3500,4.7400,0.058267
2024-03-28,87.4800,83.1700,4.3100,0.051822
2024-04-01,87.4200,83.7100,3.7100,0.044320
2024-04-02,88.9200,85.1500,3.7700,0.044275
2024-04-03,89.3500,85.4300,3.9200,0.045885
2024-04-04,90.6500,86.5900,4.0600,0.046888
2024-04-05,91.1700,86.9100,4.2600,0.049016
2024-04-08,90.3800,86.4300,3.9500,0.045702
2024-04-09,89.4200,85.2300,4.1900,0.049161
2024-04-10,90.4800,86.2100,4.2700,0.049530
2024-04-11,89.7400,85.0200,4.7200,0.055516
2024-04-12,90.4500,85.6600,4.7900,0.055919
2024-04-15,90.1000,85.4100,4.6900,0.054912
2024-04-16,90.0200,85.3600,4.6600,0.054592
2024-04-17,87.2900,82.6900,4.6000,0.055629
2024-04-18,87.1100,82.7300,4.3800,0.052943
2024-04-19,87.2900,83.1400,4.1500,0.049916
2024-04-22,87.0000,82.8500,4.1500,0.050091
2024-04-23,88.4200,83.3600,5.0600,0.060701
2024-04-24,88.0200,82.8100,5.2100,0.062915
2024-04-25,89.0100,83.5700,5.4400,0.065095
2024-04-26,89.5000,83.8500,5.6500,0.067382
2024-04-29,88.4000,82.6300,5.7700,0.069829
2024-04-30,87.8600,81.9300,5.9300,0.072379
2024-05-01,83.4400,79.0000,4.4400,0.056203
2024-05-02,83.6700,78.9500,4.7200,0.059785
2024-05-03,82.9600,78.1100,4.8500,0.062092
2024-05-06,83.3300,78.4800,4.8500,0.061799
2024-05-07,83.1600,78.3800,4.7800,0.060985
2024-05-08,83.5800,78.9900,4.5900,0.058109
2024-05-09,83.8800,79.2600,4.6200,0.058289
2024-05-10,82.7900,78.2600,4.5300,0.057884
2024-05-13,83.3600,79.1200,4.2400,0.053589
2024-05-14,82.3800,78.0200,4.3600,0.055883
2024-05-15,82.7500,78.6300,4.1200,0.052397
2024-05-16,83.2700,79.2300,4.0400,0.050991
2024-05-17,83.9800,80.0600,3.9200,0.048963
2024-05-20,83.7100,79.8000,3.9100,0.048997
2024-05-21,82.8800,79.2600,3.6200,0.045672
2024-05-22,81.9000,77.5700,4.3300,0.055821
2024-05-23,81.3600,76.8700,4.4900,0.058410
2024-05-24,82.1200,77.7200,4.4000,0.056614
2024-05-28,84.2200,79.8300,4.3900,0.054992
2024-05-29,83.6000,79.2300,4.3700,0.055156
2024-05-30,81.8600,77.9100,3.9500,0.050699
2024-05-31,81.6200,76.9900,4.6300,0.060138
2024-06-03,78.3600,74.2200,4.1400,0.055780
2024-06-04,77.5200,73.2500,4.2700,0.058293
2024-06-05,78.4100,74.0700,4.3400,0.058593
2024-06-06,79.8700,75.5500,4.3200,0.057181
2024-06-07,79.6200,75.5300,4.0900,0.054151
2024-06-10,81.6300,77.7400,3.8900,0.050039
2024-06-11,81.9200,77.9000,4.0200,0.051605
2024-06-12,82.6000,78.5000,4.1000,0.052229
2024-06-13,82.7500,78.6200,4.1300,0.052531
2024-06-14,82.6200,78.4500,4.1700,0.053155
2024-06-17,84.2500,80.3300,3.9200,0.048799
2024-06-18,85.3300,81.5700,3.7600,0.046095
2024-06-20,85.7100,82.1700,3.5400,0.043081
2024-06-21,85.2400,80.7300,4.5100,0.055865
2024-06-24,86.0100,81.6300,4.3800,0.053657
2024-06-25,85.0100,80.8300,4.1800,0.051713
2024-06-26,85.2500,80.9000,4.3500,0.053770
2024-06-27,86.3900,81.7400,4.6500,0.056888
2024-06-28,86.4100,81.5400,4.8700,0.059725
2024-07-01,86.6000,83.3800,3.2200,0.038618
2024-07-02,86.2400,82.8100,3.4300,0.041420
2024-07-03,87.3400,83.8800,3.4600,0.041249
2024-07-05,86.5400,83.1600,3.3800,0.040645
2024-07-08,85.7500,82.3300,3.4200,0.041540
2024-07-09,84.6600,81.4100,3.2500,0.039921
2024-07-10,85.0800,82.1000,2.9800,0.036297
2024-07-11,85.4000,82.6200,2.7800,0.033648
2024-07-12,85.0300,82.2100,2.8200,0.034302
2024-07-15,84.8500,81.9100,2.9400,0.035893
2024-07-16,83.7300,80.7600,2.9700,0.036776
2024-07-17,85.0800,82.8500,2.2300,0.026916
2024-07-18,85.1100,82.8200,2.2900,0.027650
2024-07-19,82.6300,80.1300,2.5000,0.031199
2024-07-22,82.4000,79.7800,2.6200,0.032840
2024-07-23,81.0100,76.9600,4.0500,0.052625
2024-07-24,81.7100,77.5900,4.1200,0.053100
2024-07-25,82.3700,78.2800,4.0900,0.052248
2024-07-26,81.1300,77.1600,3.9700,0.051451
2024-07-29,79.7800,75.8100,3.9700,0.052368
2024-07-30,78.6300,74.7300,3.9000,0.052188
2024-07-31,80.7200,77.9100,2.8100,0.036067
2024-08-01,79.5200,76.3100,3.2100,0.042065
2024-08-02,76.8100,73.5200,3.2900,0.044750
2024-08-05,76.3000,72.9400,3.3600,0.046065
2024-08-06,76.4800,73.2000,3.2800,0.044809
2024-08-07,78.3300,75.2300,3.1000,0.041207
2024-08-08,79.1600,76.1900,2.9700,0.038982
2024-08-09,79.6600,76.8400,2.8200,0.036700
2024-08-12,82.3000,80.0600,2.2400,0.027979
2024-08-13,80.6900,78.3500,2.3400,0.029866
2024-08-14,79.7600,76.9800,2.7800,0.036113
2024-08-15,81.0400,78.1600,2.8800,0.036847
2024-08-16,79.6800,76.6500,3.0300,0.039530
2024-08-19,77.6600,74.3700,3.2900,0.044238
2024-08-20,77.2000,74.0400,3.1600,0.042680
2024-08-21,76.0500,71.9300,4.1200,0.057278
2024-08-22,77.2200,73.0100,4.2100,0.057663
2024-08-23,79.0200,74.8300,4.1900,0.055994
2024-08-26,81.4300,77.4200,4.0100,0.051795
2024-08-27,79.5500,75.5300,4.0200,0.053224
2024-08-28,78.6500,74.5200,4.1300,0.055421
2024-08-29,79.9400,75.9100,4.0300,0.053089
2024-08-30,78.8000,73.5500,5.2500,0.071380
2024-09-03,73.7500,70.3400,3.4100,0.048479
2024-09-04,72.7000,69.2000,3.5000,0.050578
2024-09-05,72.6900,69.1500,3.5400,0.051193
2024-09-06,71.0600,67.6700,3.3900,0.050096
2024-09-09,71.8400,68.7100,3.1300,0.045554
2024-09-10,69.1900,65.7500,3.4400,0.052319
2024-09-11,70.6100,67.3100,3.3000,0.049027
2024-09-12,71.9700,68.9700,3.0000,0.043497
2024-09-13,71.6100,68.6500,2.9600,0.043117
2024-09-16,72.7500,70.0900,2.6600,0.037951
2024-09-17,73.7000,71.1900,2.5100,0.035258
2024-09-18,73.6500,70.9100,2.7400,0.038640
2024-09-19,74.8800,71.9500,2.9300,0.040723
2024-09-20,74.4900,71.9200,2.5700,0.035734
2024-09-23,73.9000,70.3700,3.5300,0.050163
2024-09-24,75.1700,71.5600,3.6100,0.050447
2024-09-25,73.4600,69.6900,3.7700,0.054097
2024-09-26,71.6000,67.6700,3.9300,0.058076
2024-09-27,71.9800,68.1800,3.8000,0.055735
2024-09-30,71.7700,68.1700,3.6000,0.052809
2024-10-01,73.5600,69.8300,3.7300,0.053415
2024-10-02,73.9000,70.1000,3.8000,0.054208
2024-10-03,77.6200,73.7100,3.9100,0.053046
2024-10-04,78.0500,74.3800,3.6700,0.049341
2024-10-07,80.9300,77.1400,3.7900,0.049131
2024-10-08,77.1800,73.5700,3.6100,0.049069
2024-10-09,76.5800,73.2400,3.3400,0.045604
2024-10-10,79.4000,75.8500,3.5500,0.046803
2024-10-11,79.0400,75.5600,3.4800,0.046056
2024-10-14,77.4600,73.8300,3.6300,0.049167
2024-10-15,74.2500,70.5800,3.6700,0.051998
2024-10-16,74.2200,70.3900,3.8300,0.054411
2024-10-17,74.4500,70.6700,3.7800,0.053488
2024-10-18,73.0600,69.2200,3.8400,0.055475
2024-10-21,74.2900,70.5600,3.7300,0.052863
2024-10-22,76.0400,72.0900,3.9500,0.054793
2024-10-23,74.9600,70.7700,4.1900,0.059206
2024-10-24,74.3800,70.1900,4.1900,0.059695
2024-10-25,76.0500,71.7800,4.2700,0.059487
2024-10-28,71.4200,67.3800,4.0400,0.059958
2024-10-29,71.1200,67.2100,3.9100,0.058176
2024-10-30,72.5500,68.6100,3.9400,0.057426
2024-10-31,73.1600,69.2600,3.9000,0.056310
2024-11-01,73.1000,69.4900,3.6100,0.051950
2024-11-04,75.0800,71.4700,3.6100,0.050511
2024-11-05,75.5300,71.9900,3.5400,0.049174
2024-11-06,74.9200,71.6900,3.2300,0.045055
2024-11-07,75.6300,72.3600,3.2700,0.045191
2024-11-08,73.8700,70.3800,3.4900,0.049588
2024-11-11,71.8300,68.0400,3.7900,0.055703
2024-11-12,71.8900,68.1200,3.7700,0.055343
2024-11-13,72.2800,68.4300,3.8500,0.056262
2024-11-14,72.5600,68.7000,3.8600,0.056186
2024-11-15,71.0400,67.0200,4.0200,0.059982
2024-11-18,73.3000,69.1600,4.1400,0.059861
2024-11-19,73.3100,69.3900,3.9200,0.056492
2024-11-20,72.8100,68.8700,3.9400,0.057209
2024-11-21,74.2300,70.1000,4.1300,0.058916
2024-11-22,75.1700,71.2400,3.9300,0.055166
2024-11-25,73.0100,68.9400,4.0700,0.059037
2024-11-26,72.8100,68.7700,4.0400,0.058747
2024-11-27,72.8300,68.7200,4.1100,0.059808
2024-11-29,72.9400,68.0000,4.9400,0.072647
2024-12-02,71.8300,68.1000,3.7300,0.054772
2024-12-03,73.6200,69.9400,3.6800,0.052617
2024-12-04,72.3100,68.5400,3.7700,0.055004
2024-12-05,72.0900,68.3000,3.7900,0.055490
2024-12-06,71.1200,67.2000,3.9200,0.058333
2024-12-09,72.1400,68.3700,3.7700,0.055141
2024-12-10,72.1900,68.5900,3.6000,0.052486
2024-12-11,73.5200,70.2900,3.2300,0.045952
2024-12-12,73.4100,70.0200,3.3900,0.048415
2024-12-13,74.4900,71.2900,3.2000,0.044887
2024-12-16,73.9100,70.7100,3.2000,0.045255
2024-12-17,73.1900,70.0800,3.1100,0.044378
2024-12-18,73.3900,70.5800,2.8100,0.039813
2024-12-19,72.8800,69.9100,2.9700,0.042483
2024-12-20,72.9400,69.4600,3.4800,0.050101
2024-12-23,72.6300,69.2400,3.3900,0.048960
2024-12-24,73.5800,70.1000,3.4800,0.049643
2024-12-26,73.2600,69.6200,3.6400,0.052284
2024-12-27,74.1700,70.6000,3.5700,0.050567
2024-12-30,74.3900,70.9900,3.4000,0.047894
2024-12-31,74.6400,71.7200,2.9200,0.040714
2025-01-02,75.9300,73.1300,2.8000,0.038288
2025-01-03,76.5100,73.9600,2.5500,0.034478
2025-01-06,76.3000,73.5600,2.7400,0.037249
2025-01-07,77.0500,74.2500,2.8000,0.037710
2025-01-08,76.1600,73.3200,2.8400,0.038734
2025-01-09,76.9200,73.9200,3.0000,0.040584
2025-01-10,79.7600,76.5700,3.1900,0.041661
2025-01-13,81.0100,78.8200,2.1900,0.027785
2025-01-14,79.9200,77.5000,2.4200,0.031226
2025-01-15,82.0300,80.0400,1.9900,0.024863
2025-01-16,81.2900,78.6800,2.6100,0.033172
2025-01-17,80.7900,77.8800,2.9100,0.037365
2025-01-21,79.2900,75.8900,3.4000,0.044802
2025-01-22,79.0000,75.4400,3.5600,0.047190
2025-01-23,78.2900,74.6200,3.6700,0.049182
2025-01-24,78.5000,74.6600,3.8400,0.051433
2025-01-27,77.0800,73.1700,3.9100,0.053437
2025-01-28,77.4900,73.7700,3.7200,0.050427
2025-01-29,76.5800,72.6200,3.9600,0.054530
2025-01-30,76.8700,72.7300,4.1400,0.056923
2025-01-31,76.7600,72.5300,4.2300,0.058321
2025-02-03,75.9600,73.1600,2.8000,0.038272
2025-02-04,76.2000,72.7000,3.5000,0.048143
2025-02-05,74.6100,71.0300,3.5800,0.050401
2025-02-06,74.2900,70.6100,3.6800,0.052117
2025-02-07,74.6600,71.0000,3.6600,0.051549
2025-02-10,75.8700,72.3200,3.5500,0.049087
2025-02-11,77.0000,73.3200,3.6800,0.050191
2025-02-12,75.1800,71.3700,3.8100,0.053384
2025-02-13,75.0200,71.2900,3.7300,0.052321
2025-02-14,74.7400,70.7400,4.0000,0.056545
2025-02-18,75.8400,71.8500,3.9900,0.055532
2025-02-19,76.0400,72.2500,3.7900,0.052457
2025-02-20,76.4800,72.5700,3.9100,0.053879
2025-02-21,74.4300,70.4000,4.0300,0.057244
2025-02-24,74.7800,70.7000,4.0800,0.057709
2025-02-25,73.0200,68.9300,4.0900,0.059336
2025-02-26,72.5300,68.6200,3.9100,0.056980
2025-02-27,74.0400,70.3500,3.6900,0.052452
2025-02-28,73.1800,69.7600,3.4200,0.049025
2025-03-03,71.6200,68.3700,3.2500,0.047535
2025-03-04,71.0400,68.2600,2.7800,0.040727
2025-03-05,69.3000,66.3100,2.9900,0.045091
2025-03-06,69.4600,66.3600,3.1000,0.046715
2025-03-07,70.3600,67.0400,3.3200,0.049523
2025-03-10,69.2800,66.0300,3.2500,0.049220
2025-03-11,69.5600,66.2500,3.3100,0.049962
2025-03-12,70.9500,67.6800,3.2700,0.048316
2025-03-13,69.8800,66.5500,3.3300,0.050037
2025-03-14,70.5800,67.1800,3.4000,0.050610
2025-03-17,71.0700,67.5800,3.4900,0.051642
2025-03-18,70.5600,66.9000,3.6600,0.054708
2025-03-19,70.7800,67.1600,3.6200,0.053901
2025-03-20,72.0000,68.2600,3.7400,0.054790
2025-03-21,72.1600,68.2800,3.8800,0.056825
2025-03-24,73.0000,69.1100,3.8900,0.056287
2025-03-25,73.0200,69.0000,4.0200,0.058261
2025-03-26,73.7900,69.6500,4.1400,0.059440
2025-03-27,74.0300,69.9200,4.1100,0.058781
2025-03-28,73.6300,69.3600,4.2700,0.061563
2025-03-31,74.7400,71.4800,3.2600,0.045607
2025-04-01,74.4900,71.2000,3.2900,0.046208
2025-04-02,74.9500,71.7100,3.2400,0.045182
2025-04-03,70.1400,66.9500,3.1900,0.047648
2025-04-04,65.5800,61.9900,3.5900,0.057913
2025-04-07,64.2100,60.7000,3.5100,0.057825
2025-04-08,62.8200,59.5800,3.2400,0.054381
2025-04-09,65.4800,62.3500,3.1300,0.050201
2025-04-10,63.3300,60.0700,3.2600,0.054270
2025-04-11,64.7600,61.5000,3.2600,0.053008
2025-04-14,64.8800,61.5300,3.3500,0.054445
2025-04-15,64.6700,61.3300,3.3400,0.054459
2025-04-16,65.8500,62.4700,3.3800,0.054106
2025-04-17,67.9600,64.6800,3.2800,0.050711
2025-04-21,66.2600,63.0800,3.1800,0.050412
2025-04-22,67.4400,64.3100,3.1300,0.048671
2025-04-23,66.1200,62.2700,3.8500,0.061828
2025-04-24,66.5500,62.7900,3.7600,0.059882
2025-04-25,66.8700,63.0200,3.8500,0.061092
2025-04-28,65.8600,62.0500,3.8100,0.061402
2025-04-29,64.2500,60.4200,3.8300,0.063390
2025-04-30,63.1200,58.2100,4.9100,0.084350
2025-05-01,62.1300,59.2400,2.8900,0.048785
2025-05-02,61.2900,58.2900,3.0000,0.051467
2025-05-05,60.2300,57.1300,3.1000,0.054262
2025-05-06,62.1500,59.0900,3.0600,0.051785
2025-05-07,61.1200,58.0700,3.0500,0.052523
2025-05-08,62.8400,59.9100,2.9300,0.048907
2025-05-09,63.9100,61.0200,2.8900,0.047362
2025-05-12,64.9600,61.9500,3.0100,0.048588
2025-05-13,66.6300,63.6700,2.9600,0.046490
2025-05-14,66.0900,63.1500,2.9400,0.046556
2025-05-15,64.5300,61.6200,2.9100,0.047225
2025-05-16,65.4100,62.4900,2.9200,0.046728
2025-05-19,65.5400,62.6900,2.8500,0.045462
2025-05-20,65.3800,62.5600,2.8200,0.045077
2025-05-21,64.9100,61.5700,3.3400,0.054247
2025-05-22,64.4400,61.2000,3.2400,0.052941
2025-05-23,64.7800,61.5300,3.2500,0.052820
2025-05-27,64.0900,60.8900,3.2000,0.052554
2025-05-28,64.9000,61.8400,3.0600,0.049483
2025-05-29,64.1500,60.9400,3.2100,0.052675
2025-05-30,63.9000,60.7900,3.1100,0.051160
2025-06-02,64.6300,62.5200,2.1100,0.033749
2025-06-03,65.6300,63.4100,2.2200,0.035010
2025-06-04,64.8600,62.8500,2.0100,0.031981
2025-06-05,65.3400,63.3700,1.9700,0.031087
2025-06-06,66.4700,64.5800,1.8900,0.029266
2025-06-09,67.0400,65.2900,1.7500,0.026803
2025-06-10,66.8700,64.9800,1.8900,0.029086
2025-06-11,69.7700,68.1500,1.6200,0.023771
2025-06-12,69.3600,68.0400,1.3200,0.019400
2025-06-13,74.2300,72.9800,1.2500,0.017128
2025-06-16,73.2300,71.7700,1.4600,0.020343
2025-06-17,76.4500,74.8400,1.6100,0.021513
2025-06-18,76.7000,75.1400,1.5600,0.020761
2025-06-20,77.0100,74.9300,2.0800,0.027759
2025-06-23,71.4800,68.5100,2.9700,0.043351
2025-06-24,67.1400,64.3700,2.7700,0.043032
2025-06-25,67.6800,64.9200,2.7600,0.042514
2025-06-26,67.7300,65.2400,2.4900,0.038167
2025-06-27,67.7700,65.5200,2.2500,0.034341
2025-06-30,67.6100,65.1100,2.5000,0.038397
2025-07-01,67.1100,65.4500,1.6600,0.025363
2025-07-02,69.1100,67.4500,1.6600,0.024611
2025-07-03,68.8000,67.0000,1.8000,0.026866
2025-07-04,68.2900,66.5000,1.7900,0.026917
2025-07-07,69.5800,67.9300,1.6500,0.024290
2025-07-08,70.1500,68.3300,1.8200,0.026635
2025-07-09,70.1900,68.3800,1.8100,0.026470
2025-07-10,68.6400,66.5700,2.0700,0.031095
2025-07-11,70.3600,68.4500,1.9100,0.027904
2025-07-14,69.2100,66.9800,2.2300,0.033293
2025-07-15,68.7100,66.5200,2.1900,0.032922
2025-07-16,68.5200,66.3800,2.1400,0.032239
2025-07-17,69.5200,67.5400,1.9800,0.029316
2025-07-18,69.2800,67.3400,1.9400,0.028809
2025-07-21,69.2100,67.2000,2.0100,0.029911
2025-07-22,68.5900,66.2100,2.3800,0.035946
2025-07-23,68.5100,65.2500,3.2600,0.049962
2025-07-24,69.1800,66.0300,3.1500,0.047706
2025-07-25,68.4400,65.1600,3.2800,0.050338
2025-07-28,70.0400,66.7100,3.3300,0.049918
2025-07-29,72.5100,69.2100,3.3000,0.047681
2025-07-30,73.2400,70.0000,3.2400,0.046286
2025-07-31,72.5300,69.2600,3.2700,0.047213
2025-08-01,69.6700,67.3300,2.3400,0.034754
2025-08-04,68.7600,66.2900,2.4700,0.037261
2025-08-05,67.6400,65.1600,2.4800,0.038060
2025-08-06,66.8900,64.3500,2.5400,0.039472
2025-08-07,66.4300,63.8800,2.5500,0.039919
2025-08-08,66.5900,63.8800,2.7100,0.042423
2025-08-11,66.6300,63.9600,2.6700,0.041745
2025-08-12,66.1200,63.1700,2.9500,0.046699
2025-08-13,65.6300,62.6500,2.9800,0.047566
2025-08-14,66.8400,63.9600,2.8800,0.045028
2025-08-15,65.8500,62.8000,3.0500,0.048567
2025-08-18,66.6000,63.4200,3.1800,0.050142
2025-08-19,65.7900,62.3500,3.4400,0.055172
2025-08-20,66.8400,63.2100,3.6300,0.057428
2025-08-21,67.6700,63.5200,4.1500,0.065334
2025-08-22,67.7300,63.6600,4.0700,0.063933
2025-08-25,68.8000,64.8000,4.0000,0.061728
2025-08-26,67.2200,63.2500,3.9700,0.062767
2025-08-27,68.0500,64.1500,3.9000,0.060795
2025-08-28,68.6200,64.6000,4.0200,0.062229
2025-08-29,68.1200,64.0100,4.1100,0.064209
2025-09-02,69.1400,65.5900,3.5500,0.054124
2025-09-03,67.6000,63.9700,3.6300,0.056745
2025-09-04,66.9900,63.4800,3.5100,0.055293
2025-09-05,65.5000,61.8700,3.6300,0.058671
2025-09-08,66.0200,62.2600,3.7600,0.060392
2025-09-09,66.3900,62.6300,3.7600,0.060035
2025-09-10,67.4900,63.6700,3.8200,0.059997
2025-09-11,66.3700,62.3700,4.0000,0.064133
2025-09-12,66.9900,62.6900,4.3000,0.068591
2025-09-15,67.4400,63.3000,4.1400,0.065403
2025-09-16,68.4700,64.5200,3.9500,0.061221
2025-09-17,67.9500,64.0500,3.9000,0.060890
2025-09-18,67.4400,63.5700,3.8700,0.060878
2025-09-19,66.6800,62.6800,4.0000,0.063816
2025-09-22,66.5700,62.6400,3.9300,0.062739
2025-09-23,67.6300,63.4100,4.2200,0.066551
2025-09-24,69.3100,64.9900,4.3200,0.066472
2025-09-25,69.4200,64.9800,4.4400,0.068329
2025-09-26,70.1300,65.7200,4.4100,0.067103
2025-09-29,67.9700,63.4500,4.5200,0.071237
2025-09-30,67.0200,62.3700,4.6500,0.074555
2025-10-01,65.3500,61.7800,3.5700,0.057786
2025-10-02,64.1100,60.4800,3.6300,0.060020
2025-10-03,64.5300,60.8800,3.6500,0.059954
2025-10-06,65.4700,61.6900,3.7800,0.061274
2025-10-07,65.4500,61.7300,3.7200,0.060262
2025-10-08,66.2500,62.5500,3.7000,0.059153
2025-10-09,65.2200,61.5100,3.7100,0.060315
2025-10-10,62.7300,58.9000,3.8300,0.065025
2025-10-13,63.3200,59.4900,3.8300,0.064381
2025-10-14,62.3900,58.7000,3.6900,0.062862
2025-10-15,61.9100,58.2700,3.6400,0.062468
2025-10-16,61.0600,57.4600,3.6000,0.062652
2025-10-17,61.2900,57.5400,3.7500,0.065172
2025-10-20,61.0100,57.5200,3.4900,0.060675
2025-10-21,61.3200,57.8200,3.5000,0.060533
2025-10-22,62.5900,58.5000,4.0900,0.069915
2025-10-23,65.9900,61.7900,4.2000,0.067972
2025-10-24,65.9400,61.5000,4.4400,0.072195
2025-10-27,65.6200,61.3100,4.3100,0.070299
2025-10-28,64.4000,60.1500,4.2500,0.070657
2025-10-29,64.9200,60.4800,4.4400,0.073413
2025-10-30,65.0000,60.5700,4.4300,0.073139
2025-10-31,65.0700,60.9800,4.0900,0.067071
2025-11-03,64.8900,61.0500,3.8400,0.062899
2025-11-04,64.4400,60.5600,3.8800,0.064069
2025-11-05,63.5200,59.6000,3.9200,0.065772
2025-11-06,63.3800,59.4300,3.9500,0.066465
2025-11-07,63.6300,59.7500,3.8800,0.064937
2025-11-10,64.0600,60.1300,3.9300,0.065358
2025-11-11,65.1600,61.0400,4.1200,0.067497
2025-11-12,62.7100,58.4900,4.2200,0.072149
2025-11-13,63.0100,58.6900,4.3200,0.073607
2025-11-14,64.3900,60.0900,4.3000,0.071559
2025-11-17,64.2000,59.9100,4.2900,0.071607
2025-11-18,64.8900,60.7400,4.1500,0.068324
2025-11-19,63.5100,59.4400,4.0700,0.068472
2025-11-20,63.3800,59.1400,4.2400,0.071694
2025-11-21,62.5600,58.0600,4.5000,0.077506
2025-11-24,63.3700,58.8400,4.5300,0.076988
2025-11-25,62.4800,57.9500,4.5300,0.078171
2025-11-26,63.1300,58.6500,4.4800,0.076385
2025-11-28,63.2000,58.5500,4.6500,0.079419
2025-12-01,63.1700,59.3200,3.8500,0.064902
2025-12-02,62.4500,58.6400,3.8100,0.064973
2025-12-03,62.6700,58.9500,3.7200,0.063104
2025-12-04,63.2600,59.6700,3.5900,0.060164
2025-12-05,63.7500,60.0800,3.6700,0.061085
2025-12-08,62.4900,58.8800,3.6100,0.061311
2025-12-09,61.9400,58.2500,3.6900,0.063348
2025-12-10,62.2100,58.4600,3.7500,0.064146
2025-12-11,61.2800,57.6000,3.6800,0.063889
2025-12-12,61.1200,57.4400,3.6800,0.064067
2025-12-15,60.5600,56.8200,3.7400,0.065822
2025-12-16,58.9200,55.2700,3.6500,0.066039
2025-12-17,59.6800,55.9400,3.7400,0.066857
2025-12-18,59.8200,56.1500,3.6700,0.065361
2025-12-19,60.4700,56.6600,3.8100,0.067243
2025-12-22,62.0700,58.0100,4.0600,0.069988
2025-12-23,62.3800,58.3800,4.0000,0.068517
2025-12-24,62.2400,58.3500,3.8900,0.066667
2025-12-26,60.6400,56.7400,3.9000,0.068735
2025-12-29,61.9400,58.0800,3.8600,0.066460
2025-12-30,61.9200,57.9500,3.9700,0.068507
2025-12-31,60.8500,57.4200,3.4300,0.059735
2026-01-02,60.7500,57.3200,3.4300,0.059840
2026-01-05,61.7600,58.3200,3.4400,0.058985
2026-01-06,60.7000,57.1300,3.5700,0.062489
2026-01-07,59.9600,55.9900,3.9700,0.070905
2026-01-08,61.9900,57.7600,4.2300,0.073234
2026-01-09,63.3400,59.1200,4.2200,0.071380
2026-01-12,63.8700,59.5000,4.3700,0.073445
2026-01-13,65.4700,61.1500,4.3200,0.070646
2026-01-14,66.5200,62.0200,4.5000,0.072557
2026-01-15,63.7600,59.1900,4.5700,0.077209
2026-01-16,64.1300,59.4400,4.6900,0.078903
2026-01-20,64.9200,60.3400,4.5800,0.075903
2026-01-21,65.2400,60.6200,4.6200,0.076212
2026-01-22,64.0600,59.3600,4.7000,0.079178
2026-01-23,65.8800,61.0700,4.8100,0.078762
2026-01-26,65.5900,60.6300,4.9600,0.081808
2026-01-27,67.5700,62.3900,5.1800,0.083026
2026-01-28,68.4000,63.2100,5.1900,0.082107
2026-01-29,70.7100,65.4200,5.2900,0.080862
2026-01-30,70.6900,65.2100,5.4800,0.084036
2026-02-02,66.3000,62.1400,4.1600,0.066946
2026-02-03,67.3300,63.2100,4.1200,0.065180
2026-02-04,69.4600,65.1400,4.3200,0.066319
2026-02-05,67.5500,63.2900,4.2600,0.067309
2026-02-06,68.0500,63.5500,4.5000,0.070810
2026-02-09,69.0400,64.3600,4.6800,0.072716
2026-02-10,68.8000,63.9600,4.8400,0.075672
2026-02-11,69.4000,64.6300,4.7700,0.073805
2026-02-12,67.5200,62.8400,4.6800,0.074475
2026-02-13,67.7500,62.8900,4.8600,0.077278
2026-02-17,67.4200,62.3300,5.0900,0.081662
2026-02-18,70.3500,65.1900,5.1600,0.079153
2026-02-19,71.6600,66.4300,5.2300,0.078730
2026-02-20,71.7600,66.3900,5.3700,0.080886
2026-02-23,71.4900,66.3100,5.1800,0.078118
2026-02-24,70.7700,65.6300,5.1400,0.078318
2026-02-25,70.8500,65.4200,5.4300,0.083002
2026-02-26,70.7500,65.2100,5.5400,0.084956
2026-02-27,72.4800,67.0200,5.4600,0.081468
2026-03-02,77.7400,71.2300,6.5100,0.091394
2026-03-03,81.4000,74.5600,6.8400,0.091738
2026-03-04,81.4000,74.6600,6.7400,0.090276
2026-03-05,85.4100,81.0100,4.4000,0.054314
2026-03-06,92.6900,90.9000,1.7900,0.019692
2026-03-09,98.9600,94.7700,4.1900,0.044212
2026-03-10,87.8000,83.4500,4.3500,0.052127
2026-03-11,91.9800,87.2500,4.7300,0.054212
2026-03-12,100.4600,95.7300,4.7300,0.049410
2026-03-13,103.1400,98.7100,4.4300,0.044879
2026-03-16,100.2100,93.5000,6.7100,0.071765
2026-03-17,103.4200,96.2100,7.2100,0.074940
2026-03-19,106.0800,97.8800,8.2000,0.083776
